<?xml version="1.0" encoding="UTF-8"?>
<beans xmlns="http://www.springframework.org/schema/beans"  
    xmlns:xsi="http://www.w3.org/2001/XMLSchema-instance"
    xmlns:p="http://www.springframework.org/schema/p" 
    xmlns:context="http://www.springframework.org/schema/context" 
    xmlns:mvc="http://www.springframework.org/schema/mvc" 
    xmlns:task="http://www.springframework.org/schema/task"
    xsi:schemaLocation="
        http://www.springframework.org/schema/beans 
        http://www.springframework.org/schema/beans/spring-beans-4.2.xsd 
        http://www.springframework.org/schema/context 
        http://www.springframework.org/schema/context/spring-context-4.2.xsd 
        http://www.springframework.org/schema/mvc 
        http://www.springframework.org/schema/mvc/spring-mvc-4.2.xsd 
        http://www.springframework.org/schema/task 
        http://www.springframework.org/schema/task/spring-task-4.2.xsd">

    <!-- 扫描路径 -->
    <context:component-scan base-package="com.springmvc.controller" >
        <context:include-filter type="annotation" expression="org.springframework.stereotype.Controller"/>
    </context:component-scan>

    <!-- 配置根视图 -->
    <mvc:view-controller path="/" view-name="index"/>

    <!-- 激活基于注解的配置 @RequestMapping, @ExceptionHandler,数据绑定 ,@NumberFormat ,
    @DateTimeFormat ,@Controller ,@Valid ,@RequestBody ,@ResponseBody等  -->
    <mvc:annotation-driven />

    <!-- 静态资源处理， css， js， imgs -->
    <mvc:resources location="/assets/" mapping="/assets/**"></mvc:resources>

    <!-- 视图层配置 -->
    <bean class="org.springframework.web.servlet.view.InternalResourceViewResolver">
        <property name="prefix" value="/WEB-INF/view/"/>
        <property name="suffix" value=".jsp"/>
    </bean> 

</beans>